sig_cutted,sig_cutted2
745.9919,55.70406
726.0527,57.83391
640.0455,55.20382
536.0515,53.57081
458.1347,51.80198
359.2461,48.40526
309.0383,47.38605
249.7196,43.79473
254.4402,41.87531
364.3318,43.80487
566.4358,48.14026
829.8704,51.95966
1144.617,60.45545
1382.63,65.97098
1484.313,69.7282
1394.017,67.16008
1242.463,62.63558
988.326,57.57707
764.064,49.56668
533.5887,41.73707
372.4773,36.01804
270.2602,30.73423
191.5847,25.52853
155.2645,23.76609
144.2633,20.32604
143.5888,20.89602
161.2996,22.94661
176.6712,24.47083
185.5242,28.42313
192.3217,30.49135
205.4205,33.44425
191.8467,35.10718
189.6629,36.82086
187.4095,38.43409
186.0706,40.32782
185.7736,41.82667
201.3425,43.00184
211.576,43.88965
231.3894,44.18344
248.3953,44.3615
262.8512,43.96548
268.6217,44.06738
261.7925,43.46225
252.3195,42.93899
239.6843,42.80987
223.7213,41.85098
220.6191,41.35479
222.0792,41.00106
225.9751,41.04758
235.8742,41.51792
243.9409,42.50375
243.6505,43.63364
243.4124,44.14559
238.4474,45.15878
229.7959,45.5206
229.4948,45.49417
232.3314,45.87061
249.2994,45.92699
274.7669,46.60065
311.8887,47.83706
350.8312,48.53095
386.8329,49.42349
406.3663,49.98679
414.4929,50.02863
411.2276,49.8045
385.7062,48.72711
372.6805,48.99347
360.0215,48.9193
364.9406,49.27206
387.3724,50.85947
423.7575,52.52864
462.1311,53.62144
493.4299,54.52813
511.739,54.86341
512.1498,54.11338
496.0247,53.36507
472.6681,52.75507
451.5392,51.90616
438.0866,51.80877
436.0221,51.67338
426.1354,50.27174
405.8193,47.07069
378.9843,43.69051
322.3184,37.82287
249.5393,30.47379
195.9585,24.75244
151.2029,21.39663
120.3631,18.77577
114.5986,18.79568
125.3141,21.75738
131.9156,23.52345
132.394,25.19014
132.0016,25.60991
124.6596,25.52249
137.3653,24.92665
175.644,25.27242
206.8291,27.61223
234.7268,29.78818
287.5068,32.78609
249.7587,34.41705
229.3128,33.28173
208.0224,33.58303
178.2747,31.47184
152.3989,28.35181
179.954,29.35539
162.4908,27.17664
178.4834,28.31216
177.0298,27.06664
168.5811,26.01579
162.7142,25.45789
161.8839,26.08719
147.293,23.59957
139.4736,23.50222
136.8526,23.49177
142.75,22.85488
166.4726,24.48987
182.0892,26.22121
220.9471,27.31353
234.9457,29.92465
229.0695,28.94952
217.7678,28.91825
194.4895,27.28135
182.7856,27.85819
178.6186,28.07302
175.5516,29.08441
188.87,30.54885
205.7554,33.13163
244.2413,34.24065
275.8492,36.1854
295.1899,35.86391
358.4815,38.21083
339.8298,35.62883
333.6926,35.49116
348.2726,34.96113
300.352,32.79182
324.1317,34.01554
338.9811,33.07601
309.1039,30.34241
339.547,30.48778
317.3691,28.14246
274.6478,26.16137
265.7274,27.48119
256.9631,29.86765
228.0908,30.27106
242.9413,34.38329
230.6564,31.90528
222.2222,32.59999
213.8227,31.3758
195.1397,27.74623
199.8838,28.25155
188.3261,25.96928
190.5139,25.54716
192.4891,23.97741
196.5457,23.78042
179.6838,22.96848
173.6225,19.90147
162.3705,21.36768
146.1846,20.03557
146.1604,19.11685
153.354,20.36877
163.3595,21.73278
203.6785,24.08875
209.3355,25.55955
210.7529,26.7411
217.3378,29.60738
195.3516,29.60139
177.7344,29.66328
169.5518,28.2548
173.4222,28.81743
170.3354,25.65686
179.4089,25.49739
191.5494,25.90583
182.5204,25.2824
180.2546,26.42697
171.0174,26.85412
161.7197,27.69279
155.645,27.25295
140.1709,28.04209
138.3119,27.14086
123.4931,28.07479
118.4229,27.67501
111.7579,26.45932
102.9749,25.30039
113.3163,23.07149
114.74,22.55427
127.2503,22.03704
149.6854,23.74911
183.3804,28.61263
200.4805,32.08509
217.0053,36.22692
228.279,38.93304
220.6749,39.59048
219.8814,38.46723
216.5696,37.74411
210.0894,34.86353
209.9371,33.0793
206.6038,32.33366
187.7662,29.68519
172.8135,29.61024
152.2728,27.69094
136.5347,26.36279
128.985,27.00901
141.4668,25.69155
138.6165,24.80272
145.4949,25.90016
151.9161,24.80801
150.2658,24.63651
154.2601,24.59255
160.522,24.90561
177.0448,27.95134
173.0334,28.09843
172.6801,29.89769
162.1218,33.66345
130.0147,31.61376
121.4684,31.74853
117.7201,32.06873
129.6085,27.96898
158.8324,27.81738
199.7523,27.72006
227.7972,27.4544
247.8776,29.1919
255.68,31.10431
250.2502,32.98937
270.6654,34.55573
260.0137,34.4555
271.7823,34.95284
280.8618,34.48185
262.7964,31.95757
254.6129,32.7408
228.4405,31.31475
215.1416,31.98407
208.6274,32.86144
187.8141,31.9698
216.3728,35.5431
221.7133,33.77688
255.2153,37.85895
311.3713,39.99608
350.9738,41.41738
377.3216,42.92443
406.2794,42.92705
410.9598,41.96376
371.6541,38.14503
360.2132,36.03036
312.2795,32.39087
284.2036,31.33993
277.027,28.58269
274.0718,29.8948
309.8305,32.36549
310.2729,31.64288
349.6683,34.98926
341.6436,36.35754
324.5495,36.51703
297.4375,36.38856
248.525,35.77995
233.6945,35.52582
214.8044,35.1081
226.8732,34.50365
243.2135,33.54834
265.2476,34.02215
264.7884,31.85888
235.9765,29.28974
219.8023,28.45395
197.4463,27.38853
187.8611,26.76618
184.7732,27.57081
187.5333,28.43878
188.572,28.90541
190.7994,30.63992
186.7757,31.08316
188.7364,32.29248
217.8923,34.60423
250.5653,35.59528
292.2044,37.66923
367.5619,41.2641
441.2899,43.68613
468.3866,45.27327
497.0872,46.47835
491.9555,46.56006
420.8252,42.67826
360.6113,40.56372
296.7624,37.37225
231.8919,33.08496
196.782,31.07565
176.9206,28.7269
172.5978,26.876
183.4338,25.01154
202.0708,24.74468
198.2729,23.30911
201.2464,23.58728
205.7279,23.76483
212.671,26.4009
212.6929,27.07902
227.5495,28.95477
256.8117,31.08156
237.335,30.3642
221.2959,29.41493
218.7873,29.14622
181.2208,27.7076
170.8554,27.27311
176.4458,27.61815
165.5485,27.38878
180.7094,27.303
174.3263,27.65335
170.4655,27.80977
170.3283,27.46408
152.3783,26.90088
150.0847,26.47017
147.1875,24.57911
143.267,23.18333
157.6295,23.97238
166.3466,24.52432
169.5981,25.92395
168.5302,27.86345
165.2257,28.89291
146.399,29.46932
138.3647,29.9655
136.0952,29.90128
142.4573,30.78195
156.7757,30.11126
172.4704,31.38059
182.7822,30.88931
189.3393,30.83616
178.9708,28.60248
165.0084,28.16654
156.2509,26.17786
137.8392,24.38072
139.1553,25.06482
135.2735,25.01731
153.1452,26.05991
176.2687,29.03776
197.6417,32.03815
211.6935,34.2685
235.2146,37.89831
222.0943,37.55051
212.6553,36.5764
200.4923,34.0106
181.3044,31.59386
163.9392,28.33904
151.8059,26.83796
141.1169,26.96718
129.1303,27.25934
136.1954,28.19801
147.7191,28.36693
164.4896,28.43029
186.3492,29.11101
212.0132,28.60403
213.7294,29.60945
207.5344,30.5384
203.6324,30.96388
190.1409,30.13534
180.3546,30.46919
167.1682,30.39489
179.0706,31.33786
181.6443,32.45609
175.4925,34.08235
177.095,35.60009
166.2774,37.92667
146.0036,36.62722
129.5709,35.84543
114.7021,35.03943
112.0505,32.23026
116.8297,31.68662
134.6086,30.48475
152.4151,31.15862
163.142,31.55295
163.859,30.93153
147.1621,30.95449
118.0277,29.21646
95.76327,28.72348
84.10331,29.37827
87.45694,30.46186
109.8651,30.27073
143.1681,32.17439
189.5538,33.29916
213.5534,31.94866
236.4491,33.42737
244.7004,33.29051
236.8848,31.84328
219.7325,31.51777
208.4482,29.83733
208.1332,28.7456
194.1752,29.82221
188.2976,29.25703
181.3353,29.43488
166.0842,28.04449
171.2618,29.53514
160.7448,27.97514
163.4825,27.31194
178.2651,28.11506
174.3828,28.05895
163.8234,25.75804
167.886,25.6502
157.4683,25.42458
143.9487,24.08348
141.9792,24.48186
129.7972,23.58252
127.4423,24.19006
122.1209,24.11281
124.9477,24.09866
125.4041,26.0207
132.6354,26.39745
135.9732,27.01678
132.4953,26.48472
138.227,28.17528
131.9604,26.93908
130.4397,26.52785
129.9881,26.60011
122.8683,26.05117
130.6468,24.94012
133.4954,25.76296
146.4619,26.48265
162.6532,26.86471
173.3905,27.73167
166.3863,27.04795
165.7635,25.73868
145.7769,24.6259
126.7842,23.61299
121.1663,23.90777
119.5048,23.33017
115.5565,24.46095
126.9147,24.09982
129.52,23.6579
127.5453,23.98991
138.0323,23.45663
143.4073,24.36235
140.8433,25.11553
141.6266,26.23746
136.3077,28.44411
132.8078,29.39592
130.1625,31.19213
130.9816,31.82903
135.7846,30.11247
149.211,30.56043
143.1699,30.04721
148.5085,27.30936
146.959,28.47165
142.2466,29.93567
141.2936,29.5443
131.8093,31.90906
122.5881,32.26492
117.1905,32.895
107.5899,32.32625
105.521,31.84592
115.4781,30.66823
142.3731,31.1598
154.5167,30.75316
185.125,31.03735
200.9512,31.8759
205.0666,31.056
196.3481,29.23863
172.893,28.1595
159.175,26.55088
140.0355,24.5542
121.131,24.81041
128.3386,23.67795
133.3213,24.46285
131.5313,23.77387
145.747,23.58278
158.114,24.6455
166.1908,25.11104
177.5355,25.7897
191.6963,26.46998
181.9869,28.04063
189.5364,27.52717
174.2458,27.16398
172.2482,27.02229
179.5047,25.2393
188.5396,24.2209
205.3257,24.18779
220.7289,23.37186
209.1793,24.95303
201.0253,25.87345
173.259,26.30204
142.5101,27.26657
119.9524,27.84169
111.5663,27.07203
107.232,27.40255
117.7906,26.23833
136.8566,24.53372
161.2453,24.29906
182.9678,24.41385
214.318,24.89571
221.9157,25.84304
227.4326,26.76855
228.288,28.5966
205.6039,27.95964
186.4728,28.54473
168.2943,28.3723
159.1491,29.37784
150.4633,29.36296
140.0404,28.69756
144.3155,28.6334
143.1416,29.93881
140.5299,27.1639
144.6862,28.49152
168.7314,29.58587
174.8087,29.0435
194.5648,31.0386
218.8813,31.88405
236.9391,31.81348
244.5496,31.5759
238.9849,30.64398
234.0147,30.12109
217.1319,28.20893
177.2379,28.0105
167.5406,26.92505
153.2051,25.97904
146.7169,26.43965
162.4672,26.28009
170.8654,26.75691
172.2787,27.81001
170.1919,28.59152
160.1895,27.77769
146.7228,27.13558
136.7644,26.59214
144.0153,25.93587
149.5239,24.64987
155.9922,25.29263
171.5063,26.54421
178.8378,27.39771
169.9853,28.10595
181.7329,28.58377
175.852,29.74855
182.9239,29.24303
181.9014,27.21021
182.4397,26.92333
185.131,26.61625
187.0082,24.52636
180.2158,24.7191
174.9886,24.78695
159.3113,23.93544
151.7088,24.99861
146.361,27.38432
137.8887,27.35666
140.4357,30.87881
161.051,31.49485
160.7558,30.98555
163.4704,29.93521
169.5554,28.97317
157.6495,26.37032
152.156,26.91574
138.356,26.73654
120.7414,27.18648
109.084,28.44146
94.1863,29.55221
89.61377,31.32417
84.82254,31.74406
86.70166,32.72334
93.32233,33.10468
96.36474,33.93629
103.8602,32.78915
114.4929,31.87802
125.649,32.16358
135.9287,29.65991
145.7563,28.99672
153.5013,27.9976
147.2118,28.01492
144.7824,26.74481
129.7734,25.9892
120.7506,24.41293
119.8451,23.94109
114.4852,23.1725
114.2237,22.79593
117.0144,24.20486
132.1571,26.13073
156.261,27.36432
181.9221,31.42179
214.8979,32.15184
239.5752,34.80046
240.3167,35.3597
228.0466,33.22268
204.2259,30.81663
191.9864,27.54457
181.3254,25.55341
187.8403,23.91511
184.3144,22.85324
182.2227,24.18084
170.6146,25.18665
137.0424,26.79521
123.3872,28.48792
104.1197,29.42112
99.42398,30.25795
104.9447,30.55827
112.1873,31.02136
118.6146,32.26157
127.8316,34.34081
141.5374,35.46126
144.6718,36.07286
146.4152,34.72767
139.1605,33.68654
126.2404,30.71007
109.8273,29.17083
94.18398,28.30276
92.6857,27.79992
92.23036,27.54183
97.05748,28.31443
106.9585,27.55706
123.4995,27.17597
124.4782,27.2027
137.7397,26.79373
138.4942,26.02728
137.5103,25.83214
136.8655,29.08847
129.5289,29.85112
120.9531,31.49649
110.4698,33.65734
99.71661,31.65917
94.98,28.2157
102.2286,26.76082
108.6622,23.58612
130.0609,23.24832
149.2567,23.29517
164.5616,23.43189
183.9098,25.064
184.0903,25.66182
179.5464,25.08707
182.4955,25.96378
173.0095,25.84842
164.5155,24.42766
165.6789,24.92225
167.0701,24.98781
167.7228,25.94897
154.849,26.99596
152.2234,27.63039
149.4072,28.58284
143.823,29.24858
140.5461,29.53356
151.2736,31.19116
158.7132,32.72166
146.717,32.87235
150.2898,32.47961
150.11,31.70176
153.1374,29.65917
162.5893,27.95696
184.107,26.59028
203.2931,26.78222
207.5192,25.47601
210.8299,26.73884
220.9696,27.59937
187.3511,27.68734
189.0311,30.69605
177.5013,30.22605
176.413,31.72039
182.8433,32.59571
201.0013,31.05024
204.6523,31.80272
196.2602,30.47582
187.0025,29.56037
163.7063,29.64088
140.1619,27.94083
128.3358,28.08947
120.7801,28.64351
130.168,26.41468
137.6778,27.36929
148.9684,27.62531
176.7272,26.8741
166.6212,28.27212
181.119,29.16632
187.3624,28.02449
186.967,27.41814
181.8471,26.40764
183.4156,25.15565
168.9524,23.92351
150.7005,24.86648
134.69,25.40961
126.5058,26.26601
125.7276,28.1745
126.0606,28.74679
136.2257,29.45465
139.553,30.62638
145.1182,30.5989
151.6324,29.68566
146.4305,29.61431
161.7954,28.89661
166.6932,27.38072
176.583,27.59495
184.4168,27.90364
193.6553,27.45561
198.6241,27.59796
195.7107,29.21776
193.5347,27.95491
192.3282,28.79848
184.6808,28.82835
177.654,28.84225
176.789,28.40994
164.4049,27.89871
166.1935,28.66406
165.2834,28.88309
156.2475,29.8101
167.9605,30.53874
181.2921,29.59715
184.0412,28.50957
186.6826,28.03769
194.5725,26.5328
189.255,26.49117
171.8396,26.27534
176.9396,26.18254
166.4506,25.3532
163.7681,26.42769
162.0009,27.12641
157.9066,27.98976
155.7463,29.50623
151.1517,29.24113
141.7941,29.15434
156.4005,28.87859
165.2858,28.68752
183.8785,29.07662
203.4078,30.22541
219.2079,31.29677
228.4465,31.80863
216.6657,31.12813
213.476,30.65907
194.8428,28.94477
184.7436,28.36839
175.9603,28.38625
164.0947,28.95329
168.1042,29.94172
162.8258,30.43107
155.1205,31.24522
151.5687,30.62048
142.3109,29.11295
122.1034,27.04519
108.2877,27.4707
94.92969,25.56598
91.82797,27.24239
97.46769,28.6404
117.0958,29.86614
142.0914,30.44049
162.6803,30.25815
183.6348,29.9622
200.059,28.20855
198.2213,28.81868
197.8165,28.71116
191.6777,29.15292
183.4279,30.20171
169.2541,33.20142
169.2456,35.3301
161.488,36.57824
148.471,36.7985
154.1062,35.7352
146.0298,33.29502
132.9669,29.897
140.5421,29.07294
133.0157,29.09532
131.8077,30.18297
137.2597,31.20223
137.5185,33.3433
141.7802,33.58477
146.7901,32.25069
145.9105,30.81702
143.785,28.52246
140.1583,26.46905
123.9673,24.5057
123.9938,22.6178
111.3979,21.51185
111.9722,20.85939
130.6973,22.3921
142.5476,21.86894
179.8111,24.85937
202.8203,26.34026
220.2125,29.31967
229.1841,30.07964
198.1515,28.52109
174.7493,29.12337
158.5675,27.97605
129.541,25.76385
122.1664,24.78127
126.2501,25.46431
128.989,25.58485
134.0905,25.69773
144.2334,28.08337
145.5951,30.28045
144.7911,33.62302
142.0629,34.26929
125.0706,34.45907
126.5627,34.28987
119.6596,31.93419
125.4571,28.38722
139.3014,27.60119
167.9246,28.37079
204.398,28.57833
242.8277,31.15634
274.7936,34.65184
307.1066,38.02741
295.2637,39.23653
266.3327,38.77195
222.8859,37.77779
172.3448,34.6274
138.765,33.89191
126.9862,32.11875
133.7201,31.80554
148.7138,31.83969
152.2679,30.74422
158.0135,29.7832
148.0976,27.91141
144.0126,27.58751
137.5275,28.06446
148.4455,28.77979
147.0304,28.97463
146.0203,28.47311
154.4203,27.88984
158.2322,26.34117
155.9547,24.87436
152.4088,23.82834
155.1488,24.36431
137.5484,23.93683
131.5219,24.38514
135.1336,25.57216
130.0642,25.4498
144.0739,27.32544
155.2842,28.72924
150.5227,28.50296
148.7348,27.99153
148.669,28.28949
137.2147,27.58937
131.1252,26.26871
130.0939,26.4792
125.6251,26.55429
131.3536,24.30144
131.7062,22.86104
148.5354,23.13054
153.2998,22.12919
169.6516,23.06764
157.0496,24.83885
140.0995,24.96772
126.581,24.11248
113.0201,25.12097
108.3436,23.02426
126.0438,23.74484
143.3533,24.32997
168.0176,26.45279
171.8323,26.35307
168.8997,25.9559
162.0741,27.05647
149.1771,25.18675
140.0386,23.28411
139.7681,23.77111
127.8792,21.12778
131.2866,21.42505
128.968,22.68165
136.6715,23.26381
144.386,24.75723
164.0941,26.18048
179.8397,26.75397
180.1724,25.65834
192.486,24.97626
191.4154,24.65667
189.8634,22.20403
183.0478,21.54189
179.9328,22.11094
160.1901,19.76306
143.8538,19.45659
130.7997,22.09418
110.2526,22.2621
106.365,24.08011
104.3071,25.77148
109.8634,25.9622
138.0289,23.9137
146.9047,22.84797
168.4268,23.26743
200.6777,23.50396
184.0263,25.40476
189.2758,28.16898
173.1377,27.6194
180.2628,26.5316
161.2004,25.892
164.2539,23.05467
160.9431,22.64999
146.0361,22.27425
139.9989,22.01213
138.9124,21.59695
131.1869,21.05208
134.9818,21.63511
141.499,21.70654
142.0432,21.02614
143.6429,22.00509
151.6515,20.84906
145.6772,19.81046
154.1066,19.77785
165.355,22.17301
174.4404,23.74445
174.337,26.79601
186.6481,29.85509
172.3678,28.56883
153.9946,27.47807
142.8948,25.96973
125.6651,24.08995
118.3189,24.78059
122.4349,27.27051
123.002,27.02537
142.2891,30.17243
162.4332,30.32587
171.4684,29.54968
173.2818,27.08212
180.6228,28.04972
169.5134,26.25995
144.9987,25.07654
130.2507,25.96717
123.4356,26.19092
108.1042,25.64473
109.7944,24.67339
122.2597,23.17483
128.9019,22.80296
137.3373,22.92029
155.3088,22.14948
159.3153,24.26111
162.4435,25.60596
167.6216,27.03216
158.8504,27.38203
165.3763,28.34774
153.505,28.73569
156.0697,30.24741
156.2099,31.13398
155.8287,31.28028
145.8334,30.16364
140.3445,31.29552
129.2516,28.70527
109.8846,28.49158
97.19907,29.19394
91.53618,28.28089
95.32348,28.14697
103.5194,27.49866
120.2339,27.352
140.24,25.45683
156.3347,26.3471
163.0927,27.11209
167.8806,26.88191
155.974,30.1052
160.6067,33.22883
166.4314,36.27381
192.2999,39.58764
208.6151,40.69516
225.0733,39.21894
253.8058,38.38994
221.6276,32.91559
215.2492,29.88139
199.2224,28.06338
201.5673,27.60788
208.7332,26.86915
213.5502,28.22396
256.7003,31.40483
258.1943,31.61419
255.9793,32.70817
291.9416,35.39323
299.6637,35.79676
302.4601,36.6284
318.0887,38.22092
340.3886,39.05922
330.8017,38.43714
320.8573,37.09801
305.537,35.69524
315.1719,35.43209
254.4453,33.42365
238.6598,31.97863
198.5806,32.38056
170.6077,30.50794
144.0795,28.33746
141.6832,26.1021
151.2485,25.27542
167.7717,25.57786
177.2229,26.55771
180.9869,28.44736
179.1596,30.15012
153.568,30.30725
145.7199,29.36835
139.1911,28.5305
154.2114,29.86964
165.5085,29.33492
187.4329,29.58972
211.0958,30.65028
216.5643,31.12988
201.9417,28.94987
201.4776,29.98083
190.8224,30.05599
161.8053,27.75539
164.5081,27.82582
167.2553,27.63197
166.8613,27.59626
181.5681,28.70346
213.1176,31.76929
218.5359,33.07991
219.635,33.40685
215.4388,33.28341
203.8156,31.56867
157.437,26.27319
156.3521,25.1436
136.3493,22.30208
131.9808,21.05721
141.1189,21.05542
145.7561,22.46297
150.7085,22.55359
153.7732,23.70581
155.8314,24.66618
153.7458,23.75504
160.1682,24.69821
154.866,24.06187
158.3386,24.71991
153.0306,24.48957
162.534,25.11581
161.2007,27.02891
158.0743,26.7585
160.8096,26.84593
146.2371,26.80742
152.5982,26.86896
153.6953,25.66327
161.4095,25.11704
173.8044,24.49939
188.0891,24.267
200.2385,24.1203
197.9465,22.42355
193.6001,23.51868
197.9601,22.99798
179.9826,23.0466
169.9154,23.33577
166.3016,21.43641
156.9983,21.23521
149.3021,20.52682
151.4146,19.10048
160.402,19.3015
158.0926,20.05687
158.3235,22.05422
159.4313,23.52013
143.6159,25.8483
140.377,26.45687
135.937,27.51181
130.142,26.05558
144.375,24.68892
131.8462,22.34859
139.4593,21.28434
151.6533,21.28528
142.1064,20.64058
145.8044,21.52429
169.7384,23.68338
174.4247,24.40265
201.1686,26.28106
204.842,27.43447
229.934,28.69209
221.2523,28.42335
210.4157,28.13722
209.6873,26.90653
206.599,25.16061
207.1609,22.77249
195.605,20.06672
210.0846,20.66029
189.3883,19.24876
167.6883,19.67429
157.0193,22.00673
142.2858,23.62461
128.1927,24.14583
126.6981,25.84322
134.8821,25.70313
138.5028,24.97024
129.222,23.93984
139.0473,22.29647
137.9604,21.62132
144.8306,22.5325
135.9504,24.03783
141.427,26.41557
138.082,29.99358
118.4293,30.62145
118.5377,30.54742
118.7845,29.23674
127.9384,26.71233
132.7128,25.26043
146.7155,23.29048
151.2868,22.04231
155.5098,21.47844
154.6221,21.67995
163.9978,22.16718
159.8167,22.67378
159.709,23.86089
149.0719,22.87127
151.3577,24.67702
143.3166,24.0682
153.3272,24.79753
169.0966,25.05607
178.9488,26.81696
180.3751,26.59979
176.857,26.49558
163.0389,26.33548
141.9008,24.84874
133.3584,23.68424
126.544,22.43434
131.7952,21.28204
139.0625,23.58451
151.9139,23.85025
164.0121,27.43977
149.8917,29.11915
152.3273,29.58072
130.4958,29.2711
105.0927,25.78869
92.78671,23.98178
87.16237,21.80979
79.74007,20.2238
92.72839,20.28954
103.8482,20.77893
124.1534,21.44688
140.7148,22.78055
169.8223,25.02238
187.1733,26.59825
191.9124,26.39746
181.6351,25.79708
178.9645,27.71071
171.1006,26.17027
151.9277,25.80568
158.282,27.17632
176.8749,27.69992
156.8515,24.60209
161.2832,24.70596
158.5308,24.3624
151.8261,21.71937
150.8042,23.3546
147.3543,23.21734
157.9617,24.55771
145.4896,25.11278
150.4084,26.65295
146.3684,26.78393
149.0114,27.94554
149.0464,27.23248
156.2804,26.07511
161.1958,26.55415
158.22,25.29316
157.5496,25.49296
154.1787,25.72554
144.1447,26.90315
133.4538,25.20775
141.3844,23.61038
139.6192,24.60463
148.2671,23.68764
159.9309,23.22638
165.6422,25.90521
156.9213,26.00714
157.8404,25.82243
152.3944,25.69942
159.4217,24.68501
175.7341,23.14596
197.4057,23.12839
220.3031,21.95048
217.79,21.36531
226.1647,21.35564
211.1104,20.62348
195.7023,22.72388
182.9664,22.81264
169.9826,24.87302
155.2881,26.68704
147.2523,27.87812
134.0249,27.24105
138.5063,27.26945
147.9732,26.86687
164.046,25.56663
175.1582,24.83437
189.3654,24.96649
191.4556,26.83835
178.5243,25.67973
179.6729,26.71449
162.2828,27.4179
151.0248,27.30334
144.4263,27.64215
132.6858,28.03094
116.7389,27.40006
121.2288,25.9298
120.6803,25.10835
124.6611,24.27639
131.9993,24.7889
148.3885,26.04225
149.2026,27.85256
148.5698,30.0731
162.412,31.34497
154.8246,29.72811
166.9098,30.30589
171.095,28.60772
160.9149,26.90946
170.5955,25.95921
150.843,23.90237
156.3148,23.63127
164.7423,21.63822
173.948,21.34952
180.7879,20.76624
217.0622,22.08079
198.6358,23.70473
205.5411,24.74707
227.5095,28.066
202.8292,26.91739
194.5065,26.59344
193.1402,25.11774
184.1613,22.69334
161.4261,20.78046
166.7526,20.09266
156.5208,20.2172
148.7107,19.91746
145.4067,22.601
149.8186,24.49622
148.7868,25.53576
141.8463,27.29064
140.5839,27.48018
125.1667,26.08563
109.0102,25.58184
104.1442,25.86828
95.3353,26.50399
93.25567,27.12225
109.5244,29.43932
123.8568,29.05108
140.4973,27.86215
159.6262,27.6107
186.6994,26.70375
186.3677,25.2585
186.8544,25.50064
182.0891,25.10418
154.3264,23.24112
130.9334,21.95937
108.8848,22.00939
92.5166,20.28176
77.37048,21.15847
81.49303,23.32413
83.43903,23.1612
89.66256,22.93252
96.2271,23.85598
101.7307,23.63482
103.8927,21.46127
106.5616,23.37686
112.6932,22.1924
120.487,21.42362
129.2176,22.85853
139.5955,21.29209
147.119,21.29781
147.9925,21.65791
141.4289,20.87029
147.5485,20.75665
145.5123,21.36534
161.3278,22.54624
179.6516,24.40001
182.497,23.46243
201.6416,25.70651
169.4367,23.40742
165.7569,23.99512
130.704,22.95285
105.0499,23.01864
102.172,24.02582
85.54565,25.18683
89.9254,24.69679
117.3249,24.98212
126.1699,25.8791
155.4028,24.82204
196.3266,26.24682
195.8184,24.87026
200.8209,26.01279
210.1529,26.5773
193.3919,26.13435
171.76,27.1267
179.87,28.03979
163.7917,27.08789
142.7877,25.64598
141.5395,25.74983
120.7371,22.94922
103.4923,23.02631
110.9099,21.69575
109.4987,21.12607
110.3584,21.93481
127.9732,21.49374
120.4551,22.28152
120.4332,23.49533
137.6059,25.31917
157.7137,28.09102
166.2403,29.07651
197.7041,31.30777
199.5342,31.44207
178.0649,31.26929
168.0667,30.36231
140.7868,30.45934
127.8004,27.9872
118.6739,28.11852
116.3592,26.44008
132.824,24.02291
124.7994,24.36531
139.3814,23.01955
133.6303,23.99815
141.1835,23.9324
142.4828,23.95989
122.3616,22.24332
129.9892,21.82116
131.1257,20.6804
132.7086,20.01164
133.5863,20.24666
137.3139,19.68939
125.8854,19.2132
134.0341,20.62132
142.0725,21.6983
144.8284,23.66228
188.5873,26.68251
194.0791,27.82046
197.0796,26.85454
195.0362,27.64127
181.5949,28.25021
163.5137,29.74881
145.8755,33.24873
137.8433,35.85547
127.0417,36.11094
124.6493,35.48013
131.1623,32.93738
137.3928,29.65891
154.2355,29.00289
163.6292,26.38537
184.2229,28.75291
164.1419,26.32078
162.0714,27.35225
145.0246,26.49683
124.7641,25.63332
110.6925,25.27643
104.9092,24.54301
111.9232,24.32908
123.938,25.83792
131.5533,26.10816
173.9539,28.0469
179.5593,27.68968
195.9688,26.38588
188.8471,23.60566
189.5315,21.47598
159.8228,21.23954
132.7,20.0119
108.9096,21.81585
88.33913,24.33839
87.50252,23.51024
101.2905,25.35883
127.3443,26.32562
163.2577,26.92827
207.8787,29.93786
205.067,30.95268
207.3171,31.37019
191.8256,31.57689
158.2282,30.26424
132.4459,29.03482
115.7108,28.00248
103.3983,26.75682
104.5737,25.96067
119.7482,24.10245
137.9632,23.79239
164.448,23.02715
170.6883,23.00246
190.3577,24.84442
187.0178,25.53527
172.6161,24.11794
155.4327,24.14554
144.4319,25.02181
115.1362,24.38671
105.4572,25.7634
95.16206,27.87369
82.02068,27.90878
86.61327,28.4923
101.2864,28.11442
123.3683,28.54113
162.9082,29.85456
205.122,32.07944
250.9265,34.36948
282.7615,36.53464
280.0105,35.15093
295.5536,34.63829
260.7735,31.17485
212.4098,26.68392
182.0081,24.50817
138.3877,21.5245
111.2023,20.27764
103.2974,20.1269
123.9636,23.33727
150.1409,26.84613
175.7581,30.45192
219.2853,34.78738
221.5329,35.57121
208.1123,34.19413
195.9302,33.73202
150.9822,30.8768
120.4329,27.41371
95.12358,26.764
81.86533,23.30508
81.97427,22.53711
101.839,22.79537
107.9721,22.54034
138.8487,25.14611
154.9336,27.52833
162.2632,28.55079
172.552,29.69855
186.5075,31.92831
185.7801,31.1994
193.9951,31.73943
202.4547,32.05715
200.0322,30.33837
188.8684,28.12624
207.3938,27.01074
224.9491,27.23975
232.0908,26.08865
256.1305,28.23471
254.7408,28.92574
214.1039,27.69244
188.9753,27.02549
144.4135,27.09164
113.0703,25.48027
99.01496,25.57047
104.6227,28.18415
110.3645,26.30167
130.2598,27.19982
149.1389,28.76329
164.5791,28.77243
178.6283,29.8362
190.4194,31.75482
200.5256,34.5727
190.7315,34.43139
173.7323,35.81113
164.8986,36.52638
137.501,35.04896
110.9697,33.33283
102.1824,31.75292
100.9275,29.07453
95.87727,26.98121
117.2056,27.20875
131.471,26.86707
144.5209,27.22249
145.3182,29.46868
140.1467,28.44087
125.3723,27.49151
124.1901,27.4579
113.9819,26.55451
118.9517,24.76162
125.7512,23.92271
130.1851,22.85325
137.0174,21.01533
140.5429,20.84479
145.7306,21.67293
148.1169,20.89166
150.6104,23.29898
149.4662,25.0215
134.0455,24.84671
133.8139,26.53783
110.1286,27.49944
104.3081,27.68108
103.2625,29.71711
95.70193,30.5727
103.0603,31.05653
124.7034,32.69274
136.664,30.76632
141.5646,30.57324
153.4044,30.39049
139.8987,30.18151
118.0688,31.25967
100.402,31.42772
96.92403,31.43491
96.32066,31.69923
126.5366,30.14102
167.8749,30.11416
214.4577,31.15089
245.5676,32.47681
266.4551,35.09974
249.1304,35.23457
206.9695,34.106
158.5071,32.15959
114.3338,27.80931
83.84666,23.98367
70.00549,22.84621
80.3172,20.89239
97.8363,22.92235
132.3551,25.15451
158.8384,26.80134
179.1348,27.71532
197.5848,28.4219
185.7951,27.05888
175.6921,25.60096
164.691,25.06805
148.6069,23.71047
142.1002,23.09012
136.634,22.76752
128.9967,22.03197
122.2306,21.13775
108.8292,20.21145
96.44972,19.21972
90.02847,20.34788
82.71577,19.16532
81.17181,21.15537
89.1225,22.38262
84.4901,21.51333
97.42642,24.39817
109.1395,23.81753
119.1684,25.55902
138.1265,27.31877
164.4368,28.81258
183.682,30.86173
190.4975,31.96912
196.2172,31.58767
171.8188,32.64637
145.0453,31.81315
122.6621,31.58456
95.81815,32.42067
96.00213,33.38932
104.3693,32.79015
121.8438,32.86481
147.7034,32.57449
169.6348,32.45722
169.6625,32.59428
172.8636,32.81339
172.9811,34.38194
160.2265,35.71883
159.8294,37.29895
154.8656,36.77828
158.2509,37.08035
152.5522,35.36442
143.5765,31.10957
146.7074,29.48714
146.3411,26.84531
140.145,25.73599
137.6891,24.89597
131.4573,25.10348
116.449,26.62089
106.3803,26.37123
105.1103,27.32521
104.2496,29.00511
109.1464,29.26884
123.5133,29.63251
135.5461,30.20799
149.4817,29.00387
161.0442,31.07711
169.5748,31.06429
169.811,30.09132
165.5274,31.76745
154.8881,30.767
154.1275,28.99152
147.3086,28.83646
153.1877,28.28002
149.0025,25.94278
151.621,26.38381
153.2845,25.02874
143.6472,23.78776
147.8251,24.16121
145.4014,24.22725
141.7879,24.45405
143.4128,26.12121
141.6947,27.5795
150.7286,30.01345
144.0357,31.95822
148.8438,31.52099
156.1863,31.19479
161.3359,31.55676
164.5184,29.02411
182.8441,26.94265
170.9582,27.81357
153.3272,25.80823
145.8626,24.64326
134.4558,24.04425
119.4877,22.5072
121.2767,22.32432
127.4547,21.97695
117.2279,20.19107
119.5858,20.78922
116.0755,20.46908
115.7616,19.12576
122.225,20.32174
124.1228,19.83709
127.7052,19.7942
136.3608,22.44792
145.6114,23.13531
150.6412,26.48054
154.8933,27.97121
160.9603,30.22045
150.6752,28.6275
137.442,27.12471
126.3169,26.03875
117.5601,21.70662
116.4695,20.21929
118.532,18.61605
120.1825,18.14527
140.0846,19.5208
132.9188,21.63112
130.7555,23.23053
134.1582,24.58415
120.4818,23.27369
107.8397,21.03862
108.6434,19.53672
107.6541,16.51519
112.4515,16.10588
121.8103,16.96471
119.5789,18.34031
124.2165,21.74495
126.7485,22.65675
134.4747,24.42695
142.5381,25.38883
175.1831,23.69329
201.5868,20.7737
193.3972,19.42337
228.843,17.18333
208.8698,15.73064
198.3424,17.17546
207.245,17.54266
185.3494,18.94982
187.7362,20.23002
175.0509,21.45467
167.2655,21.38121
150.8993,22.32684
132.6945,21.67649
111.5053,19.48411
109.7837,21.45686
105.2387,20.27249
118.6893,21.38998
130.3004,24.91338
146.1259,26.3832
148.5287,28.35261
152.2745,28.9106
138.74,27.17199
146.5291,25.37421
144.215,22.64574
163.3842,18.67998
188.0327,18.41947
232.5219,16.55338
232.9212,16.68773
240.6077,18.12181
227.7357,18.05678
226.1233,20.30085
194.0023,21.77872
184.4413,22.3397
172.0773,24.23908
161.0583,24.68686
145.3118,24.8864
130.3992,24.72002
128.1336,25.4144
124.9343,25.61106
129.4403,26.27978
146.2283,25.93164
149.3685,23.21702
154.9639,22.07528
151.9669,18.97917
139.6338,17.10866
138.8119,17.0976
139.7383,16.71651
139.5198,18.41897
143.9825,20.92541
141.9985,21.05013
140.5016,22.98071
125.9338,23.96656
121.5158,21.62174
115.7373,22.35326
115.1145,22.00237
110.8802,22.04542
123.3149,23.6452
115.6643,24.25029
107.2285,25.0511
105.228,26.07014
102.3194,25.63308
116.4432,24.1729
139.2323,23.65084
143.7192,23.60649
178.2034,21.79836
156.7283,23.14646
144.8519,24.54573
124.4459,24.88139
110.7518,25.55234
89.01192,25.64052
91.39013,24.54786
94.86053,24.59933
106.301,25.34867
116.3568,25.75315
129.3403,28.47484
138.3694,28.73846
136.1149,25.07463
140.8567,25.48854
149.2039,22.81179
146.7027,20.62428
155.9201,21.85852
149.7167,21.97919
148.5181,21.97312
146.2681,22.05546
142.7506,21.46518
145.867,20.71212
158.4115,19.72788
155.6263,20.21032
144.2105,19.2957
151.2342,21.69767
141.2058,23.19201
138.0439,25.05272
149.8677,26.49022
141.6232,27.0349
144.413,26.86148
143.6799,25.70996
149.9547,26.11448
147.4129,24.81149
163.0381,25.89048
168.8276,25.33623
171.1414,26.05978
172.0314,26.63551
175.3448,25.40339
168.7617,26.2183
170.5755,25.83071
166.9755,24.85145
159.4689,22.90481
150.8446,22.97526
153.4338,22.46984
140.2492,21.03255
135.6598,21.66429
142.9722,23.71078
150.0005,23.68816
144.675,24.41189
154.741,25.69474
154.3214,24.23913
158.9329,25.57519
144.7798,23.74011
151.754,22.80891
145.9101,23.54275
149.3112,21.91669
136.6659,20.67319
144.6569,21.75885
150.2304,20.90132
143.7302,20.68521
157.409,22.14749
168.2046,22.00821
153.0101,23.23276
159.7501,24.22953
148.6367,24.77484
134.0118,25.0774
146.7944,25.90935
156.9632,27.03405
151.0062,26.07784
185.9431,26.76773
186.5602,26.76367
170.8571,25.51473
172.2005,26.34193
162.4618,28.72112
153.2265,29.2833
146.2228,31.948
141.7528,33.12911
154.6823,35.01544
142.9615,33.85548
146.2837,33.63493
136.4003,32.06784
129.4772,30.11147
117.7405,30.12405
102.3464,28.97132
93.86438,27.59993
104.9707,29.12389
124.0791,29.30711
156.624,30.13326
193.168,32.66191
226.7036,34.57429
245.5628,36.25685
234.688,36.87225
210.5265,38.00565
179.2066,37.44127
134.4465,37.04757
95.01501,37.27011
85.35658,36.31956
96.06233,36.96226
135.4746,37.32648
203.9496,37.53231
276.1642,39.13025
328.4284,39.5499
357.4694,39.18706
347.246,37.58934
315.7824,36.40362
271.8094,33.2081
240.8531,32.23688
217.6827,32.56436
218.7656,33.87939
231.4212,36.04074
235.2902,38.59904
263.8834,40.70397
250.9385,40.89393
262.7102,41.64546
258.8983,39.46977
252.1098,37.68499
249.8336,36.24692
245.2911,33.75482
240.3161,31.97569
223.1323,30.28061
209.3856,29.30939
227.0663,29.7984
247.0631,30.39779
297.0841,33.39822
331.18,35.21479
360.6642,36.9216
336.5883,36.2501
300.592,35.38005
262.8527,33.75549
204.5094,30.82988
187.0112,29.78396
181.9122,28.23408
180.4169,26.50245
223.2995,27.58628
254.0662,27.07432
307.9746,28.92533
358.8573,31.39681
370.3494,32.44641
366.0221,33.32184
333.1734,34.80986
272.9288,34.12054
209.0392,33.21592
146.282,33.96939
111.7054,34.13717
105.8592,32.36578
129.8142,33.99636
177.8823,33.95716
256.6754,34.16404
296.9596,34.22359
356.1954,35.06931
348.7589,33.38391
310.7174,31.49993
256.3222,29.10131
214.7609,27.31271
147.9228,26.55964
124.282,28.00109
116.431,28.64603
131.9595,32.14875
182.5508,35.96038
233.6528,38.6428
281.7265,41.52218
323.5262,42.30455
321.0729,42.23592
278.3374,40.38929
228.5824,37.1869
173.3905,34.68657
115.2812,32.32848
90.55888,31.58796
103.0132,30.36108
130.7535,32.05635
192.8375,33.83294
272.571,36.4617
335.7931,39.58136
368.3565,40.06438
367.4502,39.71319
340.7485,38.5906
283.5746,36.55219
230.1109,33.93161
182.0362,31.83054
164.6755,31.85028
156.0797,30.05385
185.6161,30.8415
228.3312,32.66484
271.5461,35.08773
329.6514,38.51441
346.3013,41.24979
327.4372,41.9812
295.9847,40.76566
227.4419,39.58056
166.3179,35.59021
117.4242,33.92643
110.0812,34.1076
132.7231,34.14916
181.4403,36.84818
256.0152,37.61674
317.4088,39.81397
345.8796,38.62993
351.8466,37.45218
307.3692,36.40461
244.4899,34.87423
186.3048,33.01212
130.9197,32.33138
107.4809,33.8449
113.1753,31.05454
142.0416,31.09153
181.874,32.4975
230.6053,32.12226
259.2713,33.4243
263.2076,35.18571
252.0903,34.63742
203.0659,33.61601
160.3369,31.65761
123.6263,28.99739
84.34022,27.60626
93.41376,25.52176
117.8608,26.95045
170.2539,29.03465
226.3916,30.90672
300.291,35.59876
332.0311,38.85641
318.6861,38.06356
298.9733,38.70218
232.5419,36.11462
176.3139,32.30246
128.8874,30.01801
105.4418,28.70013
99.56075,26.38065
110.0256,29.38279
130.3784,29.49539
152.6166,31.41801
178.7999,31.78664
187.5257,31.51875
189.5706,30.22577
208.7924,28.98627
191.5343,29.55642
182.1231,28.32009
168.7625,30.65723
137.8858,31.84563
119.2756,32.62979
107.9388,34.86047
102.2221,35.3526
111.5161,36.05376
126.4539,35.50154
136.3859,34.2871
130.9725,32.37437
129.8604,29.55599
119.4445,29.49477
104.5877,28.98374
111.4647,29.57769
115.2806,30.84593
127.1021,31.79113
151.9632,33.28436
153.9999,32.99949
162.5582,34.72477
161.159,33.38345
140.5634,31.65366
121.164,31.75482
109.9805,29.62359
101.5995,28.79139
117.1539,31.27926
147.3885,34.54422
194.4871,36.21153
243.2468,40.35434
281.7514,41.73464
302.474,41.99719
303.2663,41.88483
280.9406,40.29118
253.0925,39.39514
215.7304,38.18655
198.1118,37.82911
169.0944,37.66908
162.9856,37.16725
169.9366,38.89042
161.9115,36.51663
158.894,36.70558
157.9092,34.94312
151.3193,33.74377
131.5586,32.75465
126.2567,31.83581
110.3308,33.16231
102.7788,34.8643
101.2093,36.07557
99.95895,37.16394
119.5523,38.72157
146.4464,38.88491
160.1085,37.78116
186.3664,37.7306
188.3338,36.18347
175.6532,34.53476
148.1676,33.02404
121.6602,32.26102
93.11671,31.10423
74.40317,31.9008
71.65921,33.84209
82.84191,35.17234
99.93988,38.88621
116.0053,41.55075
140.3664,44.46605
144.327,43.99303
144.9788,42.62891
135.2306,40.36066
120.5826,35.43659
105.791,33.44783
96.12801,31.12875
92.33746,30.46899
91.8659,30.56929
89.71082,29.61326
94.76418,29.79312
92.88103,29.23849
91.88269,28.62059
91.39081,28.00493
93.84238,28.07435
98.68617,27.76178
104.2595,25.51642
109.8568,26.2771
111.0724,26.45971
112.2686,27.13877
108.3305,29.9616
102.9221,32.44056
105.6581,33.81822
99.99852,35.15404
116.059,35.46759
129.9219,33.53106
146.2005,33.51256
154.8182,30.32304
173.8569,30.16026
166.8626,30.40457
153.4881,30.28539
138.9215,28.80864
125.9112,30.39081
112.7722,28.04547
126.4877,26.03542
135.6729,26.07932
162.8145,25.42978
172.5128,25.54585
193.9926,27.72795
187.4473,28.56043
159.771,28.62074
152.3107,29.95822
131.0276,30.01376
115.0959,30.56484
119.1422,30.74944
125.2856,31.61253
132.8007,30.75187
146.2084,29.39875
163.8751,29.51398
181.3072,28.63932
182.7876,28.91389
185.7458,30.50642
173.3749,31.0314
147.2826,31.95809
115.4128,33.79438
95.78112,33.68138
76.11185,33.58018
60.26888,33.53129
60.45218,32.03004
64.67989,31.01224
62.47248,30.61801
63.33261,29.1816
77.59601,30.02916
81.88879,30.20497
89.62079,29.82826
105.6166,30.86536
110.4965,31.06576
107.7147,31.68706
113.6626,32.49205
99.92323,31.54887
103.7507,30.71616
104.1614,30.63645
118.4817,28.25417
133.379,28.10095
145.6691,27.68484
161.8799,27.65072
170.5256,27.86551
182.9894,28.51399
215.3599,30.65183
213.9304,31.98983
247.469,34.5785
235.7243,35.87224
209.0663,35.17652
176.1809,34.86179
137.8409,33.69165
113.3871,31.81177
86.57764,30.1357
88.00892,29.77627
99.79129,29.06126
103.1412,29.91787
111.0689,31.08855
120.7188,32.89589
116.1644,34.85204
109.0508,36.35453
112.5366,35.34303
117.8977,35.94721
118.58,36.31765
124.6164,35.56398
132.5622,37.4231
126.9267,36.98727
114.8685,35.30138
117.4811,34.74602
120.983,32.79155
115.089,30.44978
141.3967,29.90359
163.0901,29.94582
188.0378,29.53108
214.8106,31.74713
255.1157,33.01296
250.1313,34.3726
241.2967,34.98513
218.9081,34.39305
187.8121,32.53953
151.3665,32.44065
125.3535,32.51904
106.9075,33.83749
98.73824,35.07491
99.78194,37.7766
102.5749,37.92808
119.0946,34.86178
149.4229,34.462
164.8997,32.67373
194.1273,30.73487
198.3296,30.70666
205.0987,30.14891
173.14,28.65001
149.7913,27.58562
118.9133,27.99704
100.6176,28.31467
80.41047,30.21747
84.84893,32.79379
97.47765,32.59455
107.6503,32.96971
112.4408,33.38159
125.9239,31.46078
109.4037,32.92006
107.7825,33.86628
97.54092,32.78363
100.2688,33.49693
100.2329,33.21041
104.6141,30.67949
121.9701,31.4274
124.4624,29.2443
120.5194,28.26111
128.8478,27.19062
127.0269,26.35653
125.3298,24.48917
130.1728,23.57254
141.2761,24.36605
134.3842,24.56219
134.6421,26.88281
126.7304,30.193
126.8641,33.77922
113.3683,37.07439
116.8607,39.27999
126.746,40.86848
138.1764,38.23088
164.5135,38.89829
195.5568,37.66813
212.7529,32.71968
223.8242,33.51609
221.8254,30.85818
194.4792,27.57546
179.9039,25.90814
168.6385,25.48846
144.0755,23.48725
142.9193,23.98877
147.042,25.13078
135.4384,25.85809
142.95,27.95747
157.802,30.44835
160.423,31.49464
168.2952,33.27922
172.5509,33.35366
164.0986,32.24255
146.6397,31.54584
130.2058,28.54908
125.6928,27.80054
122.2541,27.20788
121.1108,27.47061
146.4766,28.80775
169.2785,30.64968
172.0657,31.44904
185.8396,32.59681
203.0315,33.41226
177.0952,31.5295
164.7606,28.87631
163.3207,28.39154
142.3405,26.26196
129.8969,23.85667
122.1365,24.00756
113.1928,24.00289
110.8074,23.41281
106.2186,24.48713
118.7672,26.41552
121.053,28.24738
139.2311,33.04988
133.8048,34.3682
121.0437,36.9292
110.9041,39.42436
100.2971,39.71783
86.58734,39.80487
90.35899,39.69143
95.81142,39.0971
98.53367,37.18766
104.9868,34.04637
115.7435,32.8124
118.6885,28.74775
128.2388,28.39267
136.6945,27.32013
144.7299,27.12063
147.9713,28.58372
148.1524,30.32389
151.2675,32.22736
137.9467,32.75755
131.9117,35.01119
111.1576,33.47745
97.34813,33.78533
82.90739,32.14987
75.90103,32.12468
74.99799,31.20629
82.04392,29.11344
86.74615,33.07546
88.68312,32.3942
85.52374,34.96733
83.01384,37.06436
78.59755,37.33553
84.98488,36.28499
100.9507,35.18692
122.7622,33.46626
149.8734,30.73875
172.4835,30.23687
171.1326,29.61313
168.6323,28.88416
149.5623,30.27571
122.094,31.83308
99.67503,32.85128
88.5406,35.38824
83.61833,37.22999
79.22579,36.57037
88.47088,36.8086
108.0266,34.86561
128.7292,34.05981
151.3376,33.62216
177.5262,34.5017
183.2907,34.70892
172.0753,34.33346
150.7229,36.05764
125.6848,33.55373
98.60246,35.09333
81.47169,34.62639
74.46823,35.03075
64.95095,36.00524
72.97196,34.94385
76.58441,35.20746
81.8216,33.40018
96.1106,31.50409
112.5163,31.85825
123.9194,29.07188
128.2519,29.64771
143.5267,31.90677
144.7988,32.89352
129.6004,34.13404
122.7584,37.16052
118.2154,38.36973
93.63071,36.50587
100.3039,36.73931
112.5712,35.32018
136.4177,35.83241
162.2998,35.13387
183.4543,34.96264
197.658,35.82541
211.1502,35.75856
198.104,33.9508
187.5032,34.69801
191.3296,33.5757
169.6393,32.97456
155.804,31.6359
148.3818,31.96747
142.4848,31.26012
149.704,31.50469
133.8393,32.01735
133.438,30.56451
129.984,31.31514
112.6411,29.57475
111.7663,28.35794
115.4546,28.66841
127.0007,27.07281
153.3875,29.26304
179.8313,30.65034
207.7824,32.89022
235.5176,35.56495
241.0403,35.53223
243.2244,34.13978
212.3823,31.58799
202.6564,28.9066
178.0774,24.79436
159.0049,22.31584
163.8821,24.24663
141.529,21.69915
135.876,24.57493
137.9806,27.15715
131.3095,28.59454
138.1107,30.05187
152.9593,31.30254
151.5186,30.63981
152.4674,28.00033
145.1101,27.82138
140.7158,25.35345
119.4271,25.02526
99.33977,25.2114
88.97374,25.60681
86.55814,26.31817
98.91648,27.22226
122.2049,29.38464
165.292,31.07035
218.1352,33.76594
241.173,36.86897
250.3105,37.58265
239.069,37.45082
219.1439,37.84417
183.0536,34.96618
133.1443,33.33913
116.961,32.96003
94.33344,32.73579
86.03252,32.44556
82.15341,33.49246
112.9542,34.12218
131.5937,34.5621
147.7819,34.27726
166.4675,33.45951
181.1081,32.60379
151.766,28.97991
138.0874,26.97802
112.9206,25.0675
81.54659,24.49361
74.08846,25.75763
69.34344,27.17616
68.28626,28.40787
100.5161,30.52243
129.1948,33.06441
165.0348,33.18638
212.7903,35.79572
247.1892,37.32946
246.6692,35.32426
243.8286,33.36085
209.4971,30.18152
175.8514,24.66509
152.2354,23.5365
133.1374,21.16106
132.477,20.75183
136.7677,22.02689
141.2889,21.84496
181.8576,24.69125
204.9272,26.37197
243.8619,31.18809
291.6374,33.76437
292.2162,38.60792
289.9301,38.97591
261.7358,36.69152
230.6243,36.6506
200.6805,33.19572
178.2921,30.45242
169.522,29.66273
163.5879,27.38095
167.1745,28.56565
181.5845,29.03878
196.4243,31.0841
223.8967,34.9225
253.2305,37.1436
263.403,39.85833
252.6129,39.10669
226.2998,36.7124
187.093,34.64148
132.1294,31.57486
100.9691,28.38392
75.38982,28.18888
67.82253,28.18732
81.31902,26.25355
114.9156,27.17081
141.4247,27.5332
188.6798,28.09279
235.695,30.1335
265.2755,32.34209
269.9011,34.05042
268.9135,35.82857
243.7508,34.40159
190.0542,33.19221
154.781,32.83423
131.8613,29.81825
102.2548,28.27879
96.2068,26.17366
103.6269,25.42487
115.5442,23.45119
147.3367,24.32767
172.1848,25.80098
205.3954,27.40459
224.5746,30.1522
224.6319,32.39025
203.2516,31.87688
180.092,31.2606
156.1693,31.19298
143.9352,28.66727
142.7538,27.81892
146.2618,28.91018
153.59,28.67392
138.4787,27.28074
147.7313,28.13073
144.8824,28.68766
130.2298,27.97635
141.7074,30.35443
131.8962,30.80647
115.0415,30.73598
116.5382,30.01124
107.1971,28.71791
113.391,28.56596
119.2583,28.93707
122.3465,29.85531
133.0723,31.70805
129.8815,32.38816
143.2829,33.52164
160.9246,32.89824
170.7541,32.23978
189.7383,32.17707
191.7986,31.26614
181.0075,29.35696
166.0637,27.47792
143.6862,26.59414
132.2038,25.32108
135.5249,23.76194
138.2477,23.97613
159.9954,23.15437
173.3109,22.45494
184.6537,24.90023
185.0715,26.92568
191.096,33.07449
196.3421,35.91735
181.8806,40.15953
188.7009,41.66469
173.0265,39.34747
180.4468,38.33138
172.2823,34.54586
155.7447,30.69434
154.614,29.56298
136.769,26.87884
119.0049,25.89171
115.2668,26.15732
121.2536,27.49618
136.3683,28.49212
142.901,31.29821
164.4989,33.97243
176.8481,33.57908
152.1958,33.3335
148.2633,32.42192
138.2191,27.25165
120.1952,24.96768
110.3699,24.80636
112.1945,21.28541
123.8354,20.5287
140.703,23.81671
165.9073,26.14614
188.941,28.15769
218.5618,31.70984
218.6776,35.13033
201.8706,34.43074
180.3936,33.21621
144.5863,32.78286
118.2787,28.75447
105.8889,26.90035
109.6346,25.55521
100.3945,24.03379
111.0034,24.19195
123.7523,26.28892
137.9104,28.5969
154.5678,32.55915
194.9008,35.56354
201.0264,35.99911
195.1966,36.36208
189.6587,32.60763
155.6663,29.95635
126.0487,25.28531
107.9214,22.57501
99.26926,21.37444
112.7666,21.45717
122.1766,21.4659
144.4064,22.64402
164.1288,25.25623
174.6058,26.33489
173.853,26.48897
183.5433,27.9969
184.5507,28.62139
167.6949,27.52735
168.115,27.25498
161.6941,28.38777
141.0891,25.33783
132.0938,26.555
123.8608,25.60031
127.179,24.19393
150.7393,26.94487
173.6168,27.69082
203.7217,28.12335
216.5365,31.42942
213.3165,32.31511
165.6834,31.29365
131.6719,30.83972
87.48284,28.83859
58.95882,26.19368
46.834,25.87473
59.91043,24.23981
89.57956,23.80011
135.2953,26.68159
171.3789,26.94169
212.4863,28.70804
224.229,30.26984
217.7513,31.63444
194.1879,30.29921
161.5175,30.4919
130.1227,30.88725
118.8022,31.30682
110.0235,31.55793
101.1727,31.28587
122.937,30.73092
121.5231,28.75371
121.0407,28.00355
128.5671,27.56445
127.21,27.98041
112.9562,28.60664
97.07931,28.66982
91.33868,28.32314
76.26004,28.8038
69.07696,27.42316
80.3297,26.18933
85.00436,26.00383
102.844,25.74565
118.2034,24.81003
148.6236,25.35188
157.6415,28.00402
161.7047,29.54012
172.6839,30.24684
155.1539,34.26011
134.2585,33.16814
135.9834,32.20668
131.3182,34.23547
129.4781,32.19238
139.1118,32.66624
147.2448,33.31994
146.6596,32.04323
148.9671,31.97425
176.3497,31.42962
208.5697,30.41796
231.4752,29.70667
275.922,31.72486
285.191,31.03298
270.3017,31.15416
267.0122,33.2923
251.2601,33.96746
224.3952,33.87534
242.2807,35.75349
234.4187,35.62584
241.9951,35.94702
259.6259,36.15279
271.2544,36.53666
286.235,36.44975
281.064,35.99461
278.902,35.79574
255.5436,34.11156
213.4501,32.45696
189.4765,31.57145
141.7861,29.57054
123.2549,28.56554
118.5659,28.50596
127.9905,27.90722
147.5921,27.59208
181.5537,29.32688
204.8011,31.11216
215.8412,31.24065
229.6778,33.53351
199.2564,33.30521
198.1382,32.93524
174.3235,32.66494
161.6825,30.12178
143.9639,29.0899
132.8368,28.88934
127.3047,27.45918
117.0974,27.51381
121.9459,29.84012
138.3286,31.442
164.4655,33.40129
167.7751,34.26558
192.1821,34.84628
190.0392,31.38111
162.6794,30.10288
154.3406,27.56563
125.5972,26.28976
101.1784,26.34337
90.66818,27.58421
88.50518,27.79111
95.10415,30.03084
117.189,34.0933
149.0318,35.22285
181.2365,37.9756
211.4021,40.25837
219.8198,40.47878
202.6243,38.31189
182.5168,37.674
139.6771,35.91124
106.7544,35.34982
77.86356,36.77843
66.64098,37.02834
65.49886,36.00655
78.6963,36.04874
97.73831,34.62097
133.0099,32.63427
156.4663,33.20054
175.4169,31.79719
192.1324,31.84869
177.6401,30.57811
171.3132,29.9239
151.941,29.20167
143.8484,28.19608
130.7528,29.17351
117.0183,28.80889
114.067,29.40085
118.9113,32.40052
133.5937,34.12174
158.2585,35.97013
188.8367,40.48021
206.1537,39.66826
207.5017,39.43259
187.7277,40.4724
148.7894,39.15567
116.381,38.97916
85.54807,38.60984
71.66263,38.45835
78.2896,37.52016
116.7272,36.33916
173.4337,36.22771
220.1262,38.25613
301.868,38.1134
331.4347,41.99602
331,41.18223
312.4133,39.99797
252.3901,37.73957
197.9613,35.82243
148.7921,33.11556
113.935,31.05021
98.74846,31.18057
91.09319,31.15655
97.05346,29.48117
104.1059,29.82874
122.5998,30.53572
133.9396,30.81082
144.1508,31.141
146.1429,32.81614
138.4881,33.39146
103.4578,32.36158
92.18399,32.41207
85.20474,31.84875
69.14333,32.16545
85.87118,33.23167
111.0262,32.33897
113.8205,32.22272
121.9482,33.28883
124.6537,31.97315
118.9429,32.21529
104.8588,33.87183
105.2587,32.88993
107.5082,32.94406
112.7658,32.09926
118.6683,32.0429
123.168,34.22916
135.0373,34.05227
134.6994,36.13643
134.5405,38.65814
123.9754,34.92577
122.9925,33.78259
102.1903,32.33463
91.05346,32.88306
85.79555,35.75068
93.32038,38.55532
97.02068,42.40137
109.7393,44.17817
115.1789,40.6263
101.9155,39.20251
91.83344,35.92589
74.50926,34.61204
66.34174,33.75169
61.20128,32.59972
71.67641,32.05865
89.77134,30.8963
112.3347,30.40607
147.08,30.26081
169.5698,31.4622
189.7792,31.61221
208.9631,32.11787
196.8692,31.3469
186.1795,30.36103
161.3295,30.28685
158.9804,29.62308
127.6928,30.82571
118.5226,32.41451
125.3359,32.46393
121.8679,33.56314
132.2329,34.14106
183.5716,35.07838
216.3146,35.59512
255.7394,34.47575
290.7135,35.63031
295.9387,34.90495
260.3154,33.13413
224.2444,33.48853
181.3925,32.51946
129.2943,32.43587
106.4059,31.89391
93.70798,31.90893
102.9167,31.1082
131.8769,32.80107
165.7159,33.18828
179.3543,35.26104
229.1069,35.16222
217.4937,34.19214
190.5959,31.86736
176.444,29.13679
142.4284,25.76087
121.7482,24.30591
122.1921,24.61632
121.4416,23.34596
136.9455,24.825
131.582,26.07444
128.8933,24.98785
126.2303,25.84394
110.1893,25.28572
89.06967,24.15579
80.91744,24.08366
80.82224,23.64001
79.03493,23.00265
85.01344,22.44611
95.35418,21.77308
108.7532,20.83392
106.2165,20.86555
117.9013,21.68895
117.4121,22.13537
111.2267,24.3324
113.6142,24.44068
107.9664,24.8045
101.2569,24.63581
103.4082,24.59636
101.7729,25.09271
100.7597,26.67023
94.97263,27.36399
94.46626,28.88955
95.20198,30.29136
100.6288,29.29751
102.945,30.25742
117.4591,29.80721
128.2954,28.89934
113.6459,27.40418
122.96,27.44574
125.4208,25.87129
123.9635,24.24059
139.5541,25.64229
156.1048,25.56869
167.3081,24.34976
170.405,24.9617
176.2309,25.51095
171.5522,24.1318
162.8096,25.22454
157.9778,24.88744
148.9146,23.45278
150.7202,23.73084
153.6623,21.8182
170.4353,22.62094
173.86,22.3804
171.8767,21.23436
155.9886,23.18012
148.4333,21.32433
130.9556,20.43674
125.7413,22.19754
124.7825,23.39
142.7445,24.93357
162.9647,28.34818
163.1373,30.44072
173.6049,33.11191
155.0861,34.19291
133.5761,37.44722
111.4249,38.28261
92.68944,41.1567
103.304,42.24819
144.6612,42.57405
190.6835,43.16395
264.279,43.19811
322.9913,45.3254
337.6089,46.20464
331.8311,46.35556
276.9874,45.58424
216.0289,44.01115
144.7163,39.2065
99.5324,34.92165
67.15482,33.34925
62.71311,30.23539
67.14243,28.45012
88.44841,29.0358
106.4205,29.01579
121.3529,28.69646
144.1296,30.32574
153.1602,30.20331
145.7108,27.6319
155.7203,27.29151
135.0963,26.32808
128.4151,26.20838
128.2906,27.31135
121.4842,29.33039
121.9618,31.87322
141.2579,33.32121
154.8384,33.95161
178.7635,35.08758
197.1921,35.78897
205.0872,37.12772
206.8272,36.28619
189.6163,37.10572
163.3678,36.78023
136.0347,35.76684
116.7341,35.5178
99.13574,35.14662
102.9001,35.58821
122.3922,35.63504
172.1244,37.06764
209.53,38.01186
233.3588,38.68117
271.9187,41.64019
233.4729,40.22277
187.9169,37.76718
142.1483,37.67395
82.13961,36.24749
52.98153,31.76458
41.88584,33.20858
43.27549,33.13508
62.13077,32.60223
84.42303,34.34969
113.7927,35.41912
135.5135,34.62967
169.6434,33.56635
180.9136,34.561
174.9216,33.35259
169.2324,31.66212
148.9528,33.12767
131.9223,32.3236
112.5933,31.41948
112.8,33.77172
104.3756,32.63919
106.143,33.7325
132.4363,34.68139
163.5623,33.00528
205.0896,33.5112
245.4839,33.2769
265.2972,33.62111
254.6482,33.90253
212.6815,34.24381
172.6945,36.61542
123.0831,37.21388
88.39939,36.59608
63.55646,37.46971
64.53296,35.54907
75.48084,35.79718
107.5254,35.67764
151.1141,36.71428
182.6653,36.49408
209.5906,38.47211
212.3087,38.55047
186.6379,35.95023
163.0633,36.93173
137.8654,35.2989
116.7004,33.47562
110.5992,34.07226
116.8602,34.20081
139.0139,35.843
166.7981,39.50838
207.0255,40.65144
228.1953,42.58296
254.6684,44.9854
237.3917,42.49599
202.9945,40.36428
146.869,37.36664
108.1194,36.6049
57.93047,33.80011
36.45034,33.67899
50.50321,34.69094
71.3681,37.0336
115.7075,39.06914
151.6537,39.67854
199.8527,44.00581
222.6754,43.67616
197.8144,41.51472
188.8964,39.44698
160.034,35.49488
123.7643,32.24161
110.1581,27.65513
106.121,27.12757
103.3534,25.06689
109.452,26.3383
109.5102,28.48663
110.9573,30.39453
104.338,33.16587
101.792,36.80127
95.55075,37.85784
85.97066,38.44364
80.16316,38.95671
76.6832,36.02684
76.42445,33.54741
79.49536,31.64552
96.67281,27.28466
107.657,27.32956
129.5251,26.46625
140.9766,27.12799
145.2735,27.53308
145.5265,27.88557
131.8435,27.55046
119.1088,26.70321
103.1343,24.81648
91.28408,24.30179
87.35238,23.53964
88.30714,23.35892
94.9651,24.71112
108.9559,24.65111
119.9968,25.24807
124.2014,25.68622
132.959,24.0992
128.0082,24.53439
122.4736,23.04135
119.8218,23.01871
117.417,24.95757
129.754,25.56925
129.5478,26.92862
136.4517,27.23301
158.8925,27.65032
155.3554,26.73052
149.2814,24.27356
158.7189,22.53269
139.0318,21.01871
121.7985,18.60108
109.0564,18.88278
97.29386,18.80998
86.65333,19.79305
90.12217,22.29768
90.73486,25.6255
109.1401,26.9165
108.2076,28.96517
121.7571,28.84212
134.1072,28.3027
130.108,26.51148
133.0961,25.24908
140.8597,23.26529
121.54,25.51902
112.8258,26.19181
105.6381,26.31978
96.76643,29.81433
86.1739,30.71584
86.66202,31.59959
85.86501,32.91478
93.79118,33.52283
109.6724,32.45002
123.9348,30.99299
134.3455,31.43664
168.481,28.79793
143.3035,28.92597
138.2778,30.06088
130.8042,30.28655
126.4193,30.5476
121.997,32.17847
132.5353,31.92727
142.9234,31.81048
142.7403,30.88369
149.1504,29.19666
144.6194,28.86883
134.7911,28.11271
162.1452,26.92246
130.6681,27.96379
130.8506,27.73079
139.9383,27.57605
153.7211,29.29945
177.6209,32.06858
202.0156,34.39142
231.9168,37.57416
242.337,39.4273
222.7788,38.95242
213.0303,38.55732
196.2923,36.58315
177.0243,35.96659
159.1311,34.89643
152.5359,35.21126
120.2926,33.87409
106.2218,33.31641
97.86894,32.44189
91.30033,28.94857
97.40197,29.52827
107.4917,27.35759
107.027,26.09485
106.386,27.76871
97.44321,27.78382
90.99781,29.54431
89.16912,31.45729
81.87659,32.85685
86.07413,33.43338
83.88562,33.50816
81.45732,34.29433
85.23926,33.00746
85.52329,32.58298
83.95782,31.13824
94.02748,30.31144
87.16824,30.08838
90.89951,28.35293
86.80805,30.28875
89.0245,30.73597
82.89497,31.83937
89.41155,33.39487
100.5825,35.30592
118.5809,34.86228
133.2463,34.05682
154.1292,33.55571
155.5765,30.59396
149.2571,29.43533
139.9754,28.74434
126.0704,27.90645
123.7871,27.44634
125.8647,29.52149
135.4395,30.30001
159.2215,30.6443
170.2687,33.83664
175.3739,34.36398
170.8922,33.30762
171.2851,33.83078
140.4725,30.29185
123.371,29.63313
110.9836,28.0063
94.41518,27.64912
86.44749,29.60985
94.21664,29.8093
112.1236,31.14922
132.73,33.53007
157.974,32.74297
177.0539,33.652
187.9286,33.31789
186.6898,31.84851
162.8449,29.38587
162.1509,29.12068
136.0527,27.49684
119.5436,28.14732
128.8978,29.24114
117.3113,29.57484
110.3795,28.85659
125.1743,29.4396
121.1641,27.9991
134.267,27.88129
152.9384,28.19359
156.0075,27.83677
166.8143,27.12032
161.2257,25.596
152.8085,24.37698
